Lida,ladynight2394@gmail.com,1,2
Lida Lida,ladynight2394@gmail.com,3,4
Lida,ladynight2394@gmail.com,1,2
Lida Lida,ladynight2394@gmail.com,3,4
Lida,ladynight2394@gmail.com,1,2
Lida Lida,ladynight2394@gmail.com,3,4
Lida,ladynight2394@gmail.com,1,2
Lida Lida,ladynight2394@gmail.com,3,4
Lida,ladynight2394@gmail.com,1,2
Lida Lida,ladynight2394@gmail.com,3,4
Lida,ladynight2394@gmail.com,1,2
Lida Lida,ladynight2394@gmail.com,3,4
Lida,ladynight2394@gmail.com,1,2
Lida Lida,ladynight2394@gmail.com,3,4
Lida,ladynight2394@gmail.com,1,2
Lida Lida,ladynight2394@gmail.com,3,4
Lida,ladynight2394@gmail.com,1,2
Lida Lida,ladynight2394@gmail.com,3,4
Lida,ladynight2394@gmail.com,1,2
Lida Lida,ladynight2394@gmail.com,3,4
Lida,ladynight2394@gmail.com,1,2
Lida Lida,ladynight2394@gmail.com,3,4
Lida,ladynight2394@gmail.com,1,2
Lida Lida,ladynight2394@gmail.com,3,4
Lida,ladynight2394@gmail.com,1,2
Lida Lida,ladynight2394@gmail.com,3,4
Lida,ladynight2394@gmail.com,1,2
Lida Lida,ladynight2394@gmail.com,3,4
Lida,ladynight2394@gmail.com,1,2
Lida Lida,ladynight2394@gmail.com,3,4
Lida,ladynight2394@gmail.com,1,2
Lida Lida,ladynight2394@gmail.com,3,4
Lida,ladynight2394@gmail.com,1,2
Lida Lida,ladynight2394@gmail.com,3,4
Lida,ladynight2394@gmail.com,1,2
Lida Lida,ladynight2394@gmail.com,3,4
Lida,ladynight2394@gmail.com,1,2
Lida Lida,ladynight2394@gmail.com,3,4
Lida,ladynight2394@gmail.com,1,2
Lida Lida,ladynight2394@gmail.com,3,4
Lida,ladynight2394@gmail.com,1,2
Lida Lida,ladynight2394@gmail.com,3,4
Lida,ladynight2394@gmail.com,1,2
Lida Lida,ladynight2394@gmail.com,3,4
Lida,ladynight2394@gmail.com,1,2
Lida Lida,ladynight2394@gmail.com,3,4
Lida,ladynight2394@gmail.com,1,2
Lida Lida,ladynight2394@gmail.com,3,4
Lida,ladynight2394@gmail.com,1,2
Lida Lida,ladynight2394@gmail.com,3,4
Lida,ladynight2394@gmail.com,1,2
Lida Lida,ladynight2394@gmail.com,3,4
Lida,ladynight2394@gmail.com,1,2
Lida Lida,ladynight2394@gmail.com,3,4
Lida,ladynight2394@gmail.com,1,2
Lida Lida,ladynight2394@gmail.com,3,4
Lida,ladynight2394@gmail.com,1,2
Lida Lida,ladynight2394@gmail.com,3,4
Lida,ladynight2394@gmail.com,1,2
Lida Lida,ladynight2394@gmail.com,3,4
Lida,ladynight2394@gmail.com,1,2
Lida Lida,ladynight2394@gmail.com,3,4
Lida,ladynight2394@gmail.com,1,2
Lida Lida,ladynight2394@gmail.com,3,4
Lida,ladynight2394@gmail.com,1,2
Lida Lida,ladynight2394@gmail.com,3,4
Lida,ladynight2394@gmail.com,1,2
Lida Lida,ladynight2394@gmail.com,3,4
Lida,ladynight2394@gmail.com,1,2
Lida Lida,ladynight2394@gmail.com,3,4
Lida,ladynight2394@gmail.com,1,2
Lida Lida,ladynight2394@gmail.com,3,4
Lida,ladynight2394@gmail.com,1,2
Lida Lida,ladynight2394@gmail.com,3,4
Lida,ladynight2394@gmail.com,1,2
Lida Lida,ladynight2394@gmail.com,3,4
Lida,ladynight2394@gmail.com,1,2
Lida Lida,ladynight2394@gmail.com,3,4
Lida,ladynight2394@gmail.com,1,2
Lida Lida,ladynight2394@gmail.com,3,4
Lida,ladynight2394@gmail.com,1,2
Lida Lida,ladynight2394@gmail.com,3,4
Lida,ladynight2394@gmail.com,1,2
Lida Lida,ladynight2394@gmail.com,3,4
Lida,ladynight2394@gmail.com,1,2
Lida Lida,ladynight2394@gmail.com,3,4
Lida,ladynight2394@gmail.com,1,2
Lida Lida,ladynight2394@gmail.com,3,4
Lida,ladynight2394@gmail.com,1,2
Lida Lida,ladynight2394@gmail.com,3,4
Lida,ladynight2394@gmail.com,1,2
Lida Lida,ladynight2394@gmail.com,3,4
Lida,ladynight2394@gmail.com,1,2
Lida Lida,ladynight2394@gmail.com,3,4
Lida,ladynight2394@gmail.com,1,2
Lida Lida,ladynight2394@gmail.com,3,4
Lida,ladynight2394@gmail.com,1,2
Lida Lida,ladynight2394@gmail.com,3,4
Lida,ladynight2394@gmail.com,1,2
Lida Lida,ladynight2394@gmail.com,3,4
Lida,ladynight2394@gmail.com,1,2
Lida Lida,ladynight2394@gmail.com,3,4
Lida,ladynight2394@gmail.com,1,2
Lida Lida,ladynight2394@gmail.com,3,4
Lida,ladynight2394@gmail.com,1,2
Lida Lida,ladynight2394@gmail.com,3,4
Lida,ladynight2394@gmail.com,1,2
Lida Lida,ladynight2394@gmail.com,3,4
Lida,ladynight2394@gmail.com,1,2
Lida Lida,ladynight2394@gmail.com,3,4
Lida,ladynight2394@gmail.com,1,2
Lida Lida,ladynight2394@gmail.com,3,4
Lida,ladynight2394@gmail.com,1,2
Lida Lida,ladynight2394@gmail.com,3,4
Lida,ladynight2394@gmail.com,1,2
Lida Lida,ladynight2394@gmail.com,3,4
Lida,ladynight2394@gmail.com,1,2
Lida Lida,ladynight2394@gmail.com,3,4
Lida,ladynight2394@gmail.com,1,2
Lida Lida,ladynight2394@gmail.com,3,4
Lida,ladynight2394@gmail.com,1,2
Lida Lida,ladynight2394@gmail.com,3,4
Lida,ladynight2394@gmail.com,1,2
Lida Lida,ladynight2394@gmail.com,3,4
Lida,ladynight2394@gmail.com,1,2
Lida Lida,ladynight2394@gmail.com,3,4
Lida,ladynight2394@gmail.com,1,2
Lida Lida,ladynight2394@gmail.com,3,4
Lida,ladynight2394@gmail.com,1,2
Lida Lida,ladynight2394@gmail.com,3,4
Lida,ladynight2394@gmail.com,1,2
Lida Lida,ladynight2394@gmail.com,3,4
Lida,ladynight2394@gmail.com,1,2
Lida Lida,ladynight2394@gmail.com,3,4
Lida,ladynight2394@gmail.com,1,2
Lida Lida,ladynight2394@gmail.com,3,4
Lida,ladynight2394@gmail.com,1,2
Lida Lida,ladynight2394@gmail.com,3,4
Lida,ladynight2394@gmail.com,1,2
Lida Lida,ladynight2394@gmail.com,3,4
Lida,ladynight2394@gmail.com,1,2
Lida Lida,ladynight2394@gmail.com,3,4
Lida,ladynight2394@gmail.com,1,2
Lida Lida,ladynight2394@gmail.com,3,4
Lida,ladynight2394@gmail.com,1,2
Lida Lida,ladynight2394@gmail.com,3,4
Lida,ladynight2394@gmail.com,1,2
Lida Lida,ladynight2394@gmail.com,3,4
Lida,ladynight2394@gmail.com,1,2
Lida Lida,ladynight2394@gmail.com,3,4
Lida,ladynight2394@gmail.com,1,2
Lida Lida,ladynight2394@gmail.com,3,4
Lida,ladynight2394@gmail.com,1,2
Lida Lida,ladynight2394@gmail.com,3,4
Lida,ladynight2394@gmail.com,1,2
Lida Lida,ladynight2394@gmail.com,3,4
Lida,ladynight2394@gmail.com,1,2
Lida Lida,ladynight2394@gmail.com,3,4
Lida,ladynight2394@gmail.com,1,2
Lida Lida,ladynight2394@gmail.com,3,4
